,h,Error with True solution,Error with Euler method solution,Max error with True solution,Max error with Euler method solution
0,0.14285714285714285,1.8691069561036155,1.3286266216166234,0.972859226473541,0.6655372428960591
0,0.06666666666666667,1.2292424139937304,0.8325825086157491,0.4498259959674507,0.30067472443437965
0,0.03225806451612903,0.841674279570102,0.5637158548772542,0.21759873787765868,0.144617089685319
0,0.015873015873015872,0.5860848023030708,0.39133442089266224,0.10674299411200298,0.07102824608121307
0,0.007874015748031496,0.4113233566238729,0.2743813324295255,0.0529013720443706,0.03521576244905674
0,0.00392156862745098,0.28977097711524663,0.19323100157160011,0.026326611568219485,0.01753780818243087
0,0.0019569471624266144,0.20451776595218063,0.1363607548140081,0.013132450429309734,0.008751592024157864
